{"cameraMode":{"drawMode":0,"name":"Shaded","section":"Shading Mode"},"sceneLighting":true,"audioPlay":false,"sceneViewState":{"showFog":true,"showMaterialUpdate":false,"showSkybox":true,"showFlares":true,"showImageEffects":true,"showParticleSystems":true},"in2DMode":false,"pivot":{"x":0.2660449147224426,"y":2.019585132598877,"z":-0.1295594573020935},"rotation":{"x":0.008794527500867844,"y":-0.9887691140174866,"z":0.1346130073070526,"w":0.06470760703086853},"size":8.633458137512207,"orthographic":false}